sequence_id	v_call	d_call	j_call	junction_aa	duplicate_count	sequence	junction	decombinator_id	rev_comp	productive	sequence_aa	cdr1_aa	cdr2_aa	vj_in_frame	stop_codon	conserved_c	conserved_f	sequence_alignment	germline_alignment	v_cigar	d_cigar	j_cigar	av_UMI_cluster_size
1	TRBV20-1		TRBJ2-5	CSATTPAGTQETQYF	2	GGTGCTGTCGTCTCTCAACATCCGAGCTGGGTTATCTGTAAGAGTGGAACCTCTGTGAAGATCGAGTGCCGTTCCCTGGACTTTCAGGCCACAACTATGTTTTGGTATCGTCAGTTCCCGAAACAGAGTCTCATGCTGATGGCAACTTCCAATGAGGGCTCCAAGGCCACATACGAGCAAGGCGTCGAGAAGGACAAGTTTCTCATCAACCATGCAAGCCTGACCTTGTCCACTCTGACAGTGACCAGTGCCCATCCTGAAGACAGCAGCTTCTACATCTGCAGTGCTACTACCCCCGCGGGGACCCAAGAGACCCAGTACTTCGGGCCAGGCACGCGGCTCCTGGTGCTCG	TGCAGTGCTACTACCCCCGCGGGGACCCAAGAGACCCAGTACTTC	15, 10, 4, 1, CTACCCCCGCGGGGAC	F	T	GAVVSQHPSWVICKSGTSVKIECRSLDFQATTMFWYRQFPKQSLMLMATSNEGSKATYEQGVEKDKFLINHASLTLSTLTVTSAHPEDSSFYICSATTPAGTQETQYFGPGTRLLVL	DFQATT	SNEGSKA	T	F	T	T						3
2	TRBV20-1		TRBJ2-5	CSATTPAKTQETQYF	1	GGTGCTGTCGTCTCTCAACATCCGAGCTGGGTTATCTGTAAGAGTGGAACCTCTGTGAAGATCGAGTGCCGTTCCCTGGACTTTCAGGCCACAACTATGTTTTGGTATCGTCAGTTCCCGAAACAGAGTCTCATGCTGATGGCAACTTCCAATGAGGGCTCCAAGGCCACATACGAGCAAGGCGTCGAGAAGGACAAGTTTCTCATCAACCATGCAAGCCTGACCTTGTCCACTCTGACAGTGACCAGTGCCCATCCTGAAGACAGCAGCTTCTACATCTGCAGTGCTACTACCCCCGCAAAGACCCAAGAGACCCAGTACTTCGGGCCAGGCACGCGGCTCCTGGTGCTCG	TGCAGTGCTACTACCCCCGCAAAGACCCAAGAGACCCAGTACTTC	15, 10, 4, 1, CTACCCCCGCAAAGAC	F	T	GAVVSQHPSWVICKSGTSVKIECRSLDFQATTMFWYRQFPKQSLMLMATSNEGSKATYEQGVEKDKFLINHASLTLSTLTVTSAHPEDSSFYICSATTPAKTQETQYFGPGTRLLVL	DFQATT	SNEGSKA	T	F	T	T						1
3	TRBV7-9		TRBJ1-1	CASSGGTAEAFF	1	GATACTGGAGTCTCCCAGAACCCCAGACACAAGATCACAAAGAGGGGACAGAATGTAACTTTCAGGTGTGATCCAATTTCTGAACACAACCGCCTTTATTGGTACCGACAGACCCTGGGGCAGGGCCCAGAGTTTCTGACTTACTTCCAGAATGAAGCTCAACTAGAAAAATCAAGGCTGCTCAGTGATCGGTTCTCTGCAGAGAGGCCTAAGGGATCTTTCTCCACCTTGGAGATCCAGCGCACAGAGCAGGGGGACTCGGCCATGTATCTCTGTGCCAGCAGCGGAGGGACAGCTGAAGCTTTCTTTGGACAAGGCACCAGACTCACAGTTGTAG	TGTGCCAGCAGCGGAGGGACAGCTGAAGCTTTCTTT	43, 0, 5, 6, GGAGGGACAG	F	T	DTGVSQNPRHKITKRGQNVTFRCDPISEHNRLYWYRQTLGQGPEFLTYFQNEAQLEKSRLLSDRFSAERPKGSFSTLEIQRTEQGDSAMYLCASSGGTAEAFFGQGTRLTVV	SEHNR	FQNEAQ	T	F	T	T						2
4	TRBV20-1		TRBJ2-1	CSASLAEYSYTEQFF	1	GGTGCTGTCGTCTCTCAACATCCGAGCTGGGTTATCTGTAAGAGTGGAACCTCTGTGAAGATCGAGTGCCGTTCCCTGGACTTTCAGGCCACAACTATGTTTTGGTATCGTCAGTTCCCGAAACAGAGTCTCATGCTGATGGCAACTTCCAATGAGGGCTCCAAGGCCACATACGAGCAAGGCGTCGAGAAGGACAAGTTTCTCATCAACCATGCAAGCCTGACCTTGTCCACTCTGACAGTGACCAGTGCCCATCCTGAAGACAGCAGCTTCTACATCTGCAGTGCTAGCCTAGCGGAATACTCCTACACTGAGCAGTTCTTCGGGCCAGGGACACGGCTCACCGTGCTAG	TGCAGTGCTAGCCTAGCGGAATACTCCTACACTGAGCAGTTCTTC	15, 6, 3, 9, CCTAGCGGAATACTCCTACAC	F	T	GAVVSQHPSWVICKSGTSVKIECRSLDFQATTMFWYRQFPKQSLMLMATSNEGSKATYEQGVEKDKFLINHASLTLSTLTVTSAHPEDSSFYICSASLAEYSYTEQFFGPGTRLTVL	DFQATT	SNEGSKA	T	F	T	T						1
5	TRBV14		TRBJ2-1	CASSPHGGFSYNEQFF	1	GAAGCTGGAGTTACTCAGTTCCCCAGCCACAGCGTAATAGAGAAGGGCCAGACTGTGACTCTGAGATGTGACCCAATTTCTGGACATGATAATCTTTATTGGTATCGACGTGTTATGGGAAAAGAAATAAAATTTCTGTTACATTTTGTGAAAGAGTCTAAACAGGATGAGTCCGGTATGCCCAACAATCGATTCTTAGCTGAAAGGACTGGAGGGACGTATTCTACTCTGAAGGTGCAGCCTGCAGAACTGGAGGATTCTGGAGTTTATTTCTGTGCCAGCAGCCCTCACGGGGGGTTCTCCTACAATGAGCAGTTCTTCGGGCCAGGGACACGGCTCACCGTGCTAG	TGTGCCAGCAGCCCTCACGGGGGGTTCTCCTACAATGAGCAGTTCTTC	9, 6, 4, 0, CTCACGGGGGGTT	F	T	EAGVTQFPSHSVIEKGQTVTLRCDPISGHDNLYWYRRVMGKEIKFLLHFVKESKQDESGMPNNRFLAERTGGTYSTLKVQPAELEDSGVYFCASSPHGGFSYNEQFFGPGTRLTVL	SGHDN	FVKESK	T	F	T	T						1
6	TRBV10-1		TRBJ2-2		1	GATGCTGAAATCACCCAGAGCCCAAGACACAAGATCACAGAGACAGGAAGGCAGGTGACCTTGGCGTGTCACCAGACTTGGAACCACAACAATATGTTCTGGTATCGACAAGACCTGGGACATGGGCTGAGGCTGATCCATTACTCATATGGTGTTCAAGACACTAACAAAGGAGAAGTCTCAGATGGCTACAGTGTCTCTAGATCAAACACAGAGGACCTCCCCCTCACTCTGGAGTCTGCTGCCTCCTCCCAGACATCTGTATATTTCTGCGCCAGCAGCCGGGACTAGCGGGTGAGGGGAGCTGTTTTTTGGAGAAGGCTCTAGGCTGACCGTACTGG		0, 7, 6, 8, CCGGGACTAGCGGGTGA	F	F	DAEITQSPRHKITETGRQVTLACHQTWNHNNMFWYRQDLGHGLRLIHYSYGVQDTNKGEVSDGYSVSRSNTEDLPLTLESAASSQTSVYFCASSRD*RVRGAVFWRRL*ADRT			F	T	T	F						1
7	TRBV5-1		TRBJ2-7	CASSLEPGVSYEQYF	1	AAGGCTGGAGTCACTCAAACTCCAAGATATCTGATCAAAACGAGAGGACAGCAAGTGACACTGAGCTGCTCCCCTATCTCTGGGCATAGGAGTGTATCCTGGTACCAACAGACCCCAGGACAGGGCCTTCAGTTCCTCTTTGAATACTTCAGTGAGACACAGAGAAACAAAGGAAACTTCCCTGGTCGATTCTCAGGGCGCCAGTTCTCTAACTCTCGCTCTGAGATGAATGTGAGCACCTTGGAGCTGGGGGACTCGGCCCTTTATCTTTGCGCCAGCAGCTTGGAGCCAGGGGTCTCCTACGAGCAGTACTTCGGGCCGGGCACCAGGCTCACGGTCACAG	TGCGCCAGCAGCTTGGAGCCAGGGGTCTCCTACGAGCAGTACTTC	26, 12, 0, 0, AGCCAGGGGT	F	T	KAGVTQTPRYLIKTRGQQVTLSCSPISGHRSVSWYQQTPGQGLQFLFEYFSETQRNKGNFPGRFSGRQFSNSRSEMNVSTLELGDSALYLCASSLEPGVSYEQYFGPGTRLTVT	SGHRS	YFSETQ	T	F	T	T						1
8	TRBV4-2		TRBJ2-3	CASSPSGTFSTDTQYF	1	ACGGGAGTTACGCAGACACCAAGACACCTGGTCATGGGAATGACAAATAAGAAGTCTTTGAAATGTGAACAACATCTGGGGCATAACGCTATGTATTGGTACAAGCAAAGTGCTAAGAAGCCACTGGAGCTCATGTTTGTCTACAACTTTAAAGAACAGACTGAAAACAACAGTGTGCCAAGTCGCTTCTCACCTGAATGCCCCAACAGCTCTCACTTATTCCTTCACCTACACACCCTGCAGCCAGAAGACTCGGCCCTGTATCTCTGTGCCAGCAGTCCTAGCGGCACCTTTTCCACAGATACGCAGTATTTTGGCCCAGGCACCCGGCTGACAGTGCTCG	TGTGCCAGCAGTCCTAGCGGCACCTTTTCCACAGATACGCAGTATTTT	24, 8, 6, 2, TCCTAGCGGCACCTTTTC	F	T	TGVTQTPRHLVMGMTNKKSLKCEQHLGHNAMYWYKQSAKKPLELMFVYNFKEQTENNSVPSRFSPECPNSSHLFLHLHTLQPEDSALYLCASSPSGTFSTDTQYFGPGTRLTVL	LGHNA	YNFKEQ	T	F	T	T						1
9	TRBV29-1		TRBJ2-7	CSVERGSSYEQYF	1	AGTGCTGTCATCTCTCAAAAGCCAAGCAGGGATATCTGTCAACGTGGAACCTCCCTGACGATCCAGTGTCAAGTCGATAGCCAAGTCACCATGATGTTCTGGTACCGTCAGCAACCTGGACAGAGCCTGACACTGATCGCAACTGCAAATCAGGGCTCTGAGGCCACATATGAGAGTGGATTTGTCATTGACAAGTTTCCCATCAGCCGCCCAAACCTAACATTCTCAACTCTGACTGTGAGCAACATGAGCCCTGAAGACAGCAGCATATATCTCTGCAGCGTTGAAAGGGGCAGCTCCTACGAGCAGTACTTCGGGCCGGGCACCAGGCTCACGGTCACAG	TGCAGCGTTGAAAGGGGCAGCTCCTACGAGCAGTACTTC	20, 12, 2, 0, AGGGGCAG	F	T	SAVISQKPSRDICQRGTSLTIQCQVDSQVTMMFWYRQQPGQSLTLIATANQGSEATYESGFVIDKFPISRPNLTFSTLTVSNMSPEDSSIYLCSVERGSSYEQYFGPGTRLTVT	SQVTM	ANQGSEA	T	F	T	T						1
10	TRBV5-4		TRBJ2-6	CASSTDAGANVLTF	1	GAGACTGGAGTCACCCAAAGTCCCACACACCTGATCAAAACGAGAGGACAGCAAGTGACTCTGAGATGCTCTTCTCAGTCTGGGCACAACACTGTGTCCTGGTACCAACAGGCCCTGGGTCAGGGGCCCCAGTTTATCTTTCAGTATTATAGGGAGGAAGAGAATGGCAGAGGAAACTTCCCTCCTAGATTCTCAGGTCTCCAGTTCCCTAATTATAGCTCTGAGCTGAATGTGAACGCCTTGGAGCTGGACGACTCGGCCCTGTATCTCTGTGCCAGCAGCACCGATGCTGGGGCCAACGTCCTGACTTTCGGGGCCGGCAGCAGGCTGACCGTGCTGG	TGTGCCAGCAGCACCGATGCTGGGGCCAACGTCCTGACTTTC	27, 11, 4, 2, ACCGATG	F	T	ETGVTQSPTHLIKTRGQQVTLRCSSQSGHNTVSWYQQALGQGPQFIFQYYREEENGRGNFPPRFSGLQFPNYSSELNVNALELDDSALYLCASSTDAGANVLTFGAGSRLTVL	SGHNT	YYREEE	T	F	T	T						1
11	TRBV6-1		TRBJ2-7	CASTETTSGSYEQYF	1	AATGCTGGTGTCACTCAGACCCCAAAATTCCAGGTCCTGAAGACAGGACAGAGCATGACACTGCAGTGTGCCCAGGATATGAACCATAACTCCATGTACTGGTATCGACAAGACCCAGGCATGGGACTGAGGCTGATTTATTACTCAGCTTCTGAGGGTACCACTGACAAAGGAGAAGTCCCCAATGGCTACAATGTCTCCAGATTAAACAAACGGGAGTTCTCGCTCAGGCTGGAGTCGGCTGCTCCCTCCCAGACATCTGTGTACTTCTGTGCCAGCACCGAGACGACTAGCGGGAGCTACGAGCAGTACTTCGGGCCGGGCACCAGGCTCACGGTCACAG	TGTGCCAGCACCGAGACGACTAGCGGGAGCTACGAGCAGTACTTC	31, 12, 7, 3, CCGAGACGACTAGCGGGAG	F	T	NAGVTQTPKFQVLKTGQSMTLQCAQDMNHNSMYWYRQDPGMGLRLIYYSASEGTTDKGEVPNGYNVSRLNKREFSLRLESAAPSQTSVYFCASTETTSGSYEQYFGPGTRLTVT	MNHNS	SASEGT	T	F	T	T						1
12	TRBV2		TRBJ2-5	CASKRTGGKPSETQYF	1	GAACCTGAAGTCACCCAGACTCCCAGCCATCAGGTCACACAGATGGGACAGGAAGTGATCTTGCGCTGTGTCCCCATCTCTAATCACTTATACTTCTATTGGTACAGACAAATCTTGGGGCAGAAAGTCGAGTTTCTGGTTTCCTTTTATAATAATGAAATCTCAGAGAAGTCTGAAATATTCGATGATCAATTCTCAGTTGAAAGGCCTGATGGATCAAATTTCACTCTGAAGATCCGGTCCACAAAGCTGGAGGACTCAGCCATGTACTTCTGTGCCAGCAAACGGACGGGAGGGAAGCCGAGCGAGACCCAGTACTTCGGGCCAGGCACGCGGCTCCTGGTGCTCG	TGTGCCAGCAAACGGACGGGAGGGAAGCCGAGCGAGACCCAGTACTTC	14, 10, 7, 5, AACGGACGGGAGGGAAGCCGAGC	F	T	EPEVTQTPSHQVTQMGQEVILRCVPISNHLYFYWYRQILGQKVEFLVSFYNNEISEKSEIFDDQFSVERPDGSNFTLKIRSTKLEDSAMYFCASKRTGGKPSETQYFGPGTRLLVL	SNHLY	FYNNEI	T	F	T	T						1
13	TRBV30		TRBJ1-1	CAWEQGATEAFF	1	TCTCAGACTATTCATCAATGGCCAGCGACCCTGGTGCAGCCTGTGGGCAGCCCGCTCTCTCTGGAGTGCACTGTGGAGGGAACATCAAACCCCAACCTATACTGGTACCGACAGGCTGCAGGCAGGGGCCTCCAGCTGCTCTTCTACTCCGTTGGTATTGGCCAGATCAGCTCTGAGGTGCCCCAGAATCTCTCAGCCTCCAGACCCCAGGACCGGCAGTTCATCCTGAGTTCTAAGAAGCTCCTTCTCAGTGACTCTGGCTTCTATCTCTGTGCCTGGGAACAGGGGGCCACTGAAGCTTTCTTTGGACAAGGCACCAGACTCACAGTTGTAG	TGTGCCTGGGAACAGGGGGCCACTGAAGCTTTCTTT	22, 0, 5, 4, GAACAGGGGGC	F	T	SQTIHQWPATLVQPVGSPLSLECTVEGTSNPNLYWYRQAAGRGLQLLFYSVGIGQISSEVPQNLSASRPQDRQFILSSKKLLLSDSGFYLCAWEQGATEAFFGQGTRLTVV	GTSNPN	SVGIG	T	F	T	T						1
14	TRBV11-2		TRBJ2-1	CASSLDGQRVFNYNEQFF	1	GAAGCTGGAGTTGCCCAGTCTCCCAGATATAAGATTATAGAGAAAAGGCAGAGTGTGGCTTTTTGGTGCAATCCTATATCTGGCCATGCTACCCTTTACTGGTACCAGCAGATCCTGGGACAGGGCCCAAAGCTTCTGATTCAGTTTCAGAATAACGGTGTAGTGGATGATTCACAGTTGCCTAAGGATCGATTTTCTGCAGAGAGGCTCAAAGGAGTAGACTCCACTCTCAAGATCCAGCCTGCAAAGCTTGAGGACTCGGCCGTGTATCTCTGTGCCAGCAGCTTAGATGGGCAGCGGGTGTTTAATTACAATGAGCAGTTCTTCGGGCCAGGGACACGGCTCACCGTGCTAG	TGTGCCAGCAGCTTAGATGGGCAGCGGGTGTTTAATTACAATGAGCAGTTCTTC	4, 6, 0, 4, TGGGCAGCGGGTGTTTAAT	F	T	EAGVAQSPRYKIIEKRQSVAFWCNPISGHATLYWYQQILGQGPKLLIQFQNNGVVDDSQLPKDRFSAERLKGVDSTLKIQPAKLEDSAVYLCASSLDGQRVFNYNEQFFGPGTRLTVL	SGHAT	FQNNGV	T	F	T	T						1
15	TRBV7-2		TRBJ1-4	CASSLIWGTAKELFF	1	GGAGCTGGAGTCTCCCAGTCCCCCAGTAACAAGGTCACAGAGAAGGGAAAGGATGTAGAGCTCAGGTGTGATCCAATTTCAGGTCATACTGCCCTTTACTGGTACCGACAGAGCCTGGGGCAGGGCCTGGAGTTTTTAATTTACTTCCAAGGCAACAGTGCACCAGACAAATCAGGGCTGCCCAGTGATCGCTTCTCTGCAGAGAGGACTGGGGGATCCGTCTCCACTCTGACGATCCAGCGCACACAGCAGGAGGACTCGGCCGTGTATCTCTGTGCCAGCAGCTTAATCTGGGGGACAGCAAAGGAACTGTTTTTTGGCAGTGGAACCCAGCTCTCTGTCTTGG	TGTGCCAGCAGCTTAATCTGGGGGACAGCAAAGGAACTGTTTTTT	37, 3, 2, 12, ATCTGGGGGACAGCAAAGG	F	T	GAGVSQSPSNKVTEKGKDVELRCDPISGHTALYWYRQSLGQGLEFLIYFQGNSAPDKSGLPSDRFSAERTGGSVSTLTIQRTQQEDSAVYLCASSLIWGTAKELFFGSGTQLSVL	SGHTA	FQGNSA	T	F	T	T						1
16	TRBV29-1		TRBJ2-1	CSVEAAGGREQFF	1	AGTGCTGTCATCTCTCAAAAGCCAAGCAGGGATATCTGTCAACGTGGAACCTCCCTGACGATCCAGTGTCAAGTCGATAGCCAAGTCACCATGATGTTCTGGTACCGTCAGCAACCTGGACAGAGCCTGACACTGATCGCAACTGCAAATCAGGGCTCTGAGGCCACATATGAGAGTGGATTTGTCATTGACAAGTTTCCCATCAGCCGCCCAAACCTAACATTCTCAACTCTGACTGTGAGCAACATGAGCCCTGAAGACAGCAGCATATATCTCTGCAGCGTTGAAGCCGCAGGGGGCCGCGAGCAGTTCTTCGGGCCAGGGACACGGCTCACCGTGCTAG	TGCAGCGTTGAAGCCGCAGGGGGCCGCGAGCAGTTCTTC	20, 6, 1, 10, CCGCAGGGGGCCGC	F	T	SAVISQKPSRDICQRGTSLTIQCQVDSQVTMMFWYRQQPGQSLTLIATANQGSEATYESGFVIDKFPISRPNLTFSTLTVSNMSPEDSSIYLCSVEAAGGREQFFGPGTRLTVL	SQVTM	ANQGSEA	T	F	T	T						1
17	TRBV7-9		TRBJ2-3	CASSLGRTSSTDTQYF	1	GATACTGGAGTCTCCCAGAACCCCAGACACAAGATCACAAAGAGGGGACAGAATGTAACTTTCAGGTGTGATCCAATTTCTGAACACAACCGCCTTTATTGGTACCGACAGACCCTGGGGCAGGGCCCAGAGTTTCTGACTTACTTCCAGAATGAAGCTCAACTAGAAAAATCAAGGCTGCTCAGTGATCGGTTCTCTGCAGAGAGGCCTAAGGGATCTTTCTCCACCTTGGAGATCCAGCGCACAGAGCAGGGGGACTCGGCCATGTATCTCTGTGCCAGCAGCTTGGGGAGGACTAGCAGCACAGATACGCAGTATTTTGGCCCAGGCACCCGGCTGACAGTGCTCG	TGTGCCAGCAGCTTGGGGAGGACTAGCAGCACAGATACGCAGTATTTT	43, 8, 3, 0, GGGGAGGACTAGC	F	T	DTGVSQNPRHKITKRGQNVTFRCDPISEHNRLYWYRQTLGQGPEFLTYFQNEAQLEKSRLLSDRFSAERPKGSFSTLEIQRTEQGDSAMYLCASSLGRTSSTDTQYFGPGTRLTVL	SEHNR	FQNEAQ	T	F	T	T						2
18	TRBV29-1		TRBJ2-6	CSVALQAGANVLTF	1	AGTGCTGTCATCTCTCAAAAGCCAAGCAGGGATATCTGTCAACGTGGAACCTCCCTGACGATCCAGTGTCAAGTCGATAGCCAAGTCACCATGATGTTCTGGTACCGTCAGCAACCTGGACAGAGCCTGACACTGATCGCAACTGCAAATCAGGGCTCTGAGGCCACATATGAGAGTGGATTTGTCATTGACAAGTTTCCCATCAGCCGCCCAAACCTAACATTCTCAACTCTGACTGTGAGCAACATGAGCCCTGAAGACAGCAGCATATATCTCTGCAGCGTTGCTCTCCAGGCTGGGGCCAACGTCCTGACTTTCGGGGCCGGCAGCAGGCTGACCGTGCTGG	TGCAGCGTTGCTCTCCAGGCTGGGGCCAACGTCCTGACTTTC	20, 11, 4, 2, CTCTCCAGG	F	T	SAVISQKPSRDICQRGTSLTIQCQVDSQVTMMFWYRQQPGQSLTLIATANQGSEATYESGFVIDKFPISRPNLTFSTLTVSNMSPEDSSIYLCSVALQAGANVLTFGAGSRLTVL	SQVTM	ANQGSEA	T	F	T	T						2
19	TRBV20-1		TRBJ2-7	CSARLAGDYEQYF	1	GGTGCTGTCGTCTCTCAACATCCGAGCTGGGTTATCTGTAAGAGTGGAACCTCTGTGAAGATCGAGTGCCGTTCCCTGGACTTTCAGGCCACAACTATGTTTTGGTATCGTCAGTTCCCGAAACAGAGTCTCATGCTGATGGCAACTTCCAATGAGGGCTCCAAGGCCACATACGAGCAAGGCGTCGAGAAGGACAAGTTTCTCATCAACCATGCAAGCCTGACCTTGTCCACTCTGACAGTGACCAGTGCCCATCCTGAAGACAGCAGCTTCTACATCTGCAGTGCTCGACTAGCGGGAGACTACGAGCAGTACTTCGGGCCGGGCACCAGGCTCACGGTCACAG	TGCAGTGCTCGACTAGCGGGAGACTACGAGCAGTACTTC	15, 12, 5, 3, CGACTAGCGGGAGA	F	T	GAVVSQHPSWVICKSGTSVKIECRSLDFQATTMFWYRQFPKQSLMLMATSNEGSKATYEQGVEKDKFLINHASLTLSTLTVTSAHPEDSSFYICSARLAGDYEQYFGPGTRLTVT	DFQATT	SNEGSKA	T	F	T	T						1
20	TRBV6-5		TRBJ2-1	CASSPGTGAYNEQFF	1	AATGCTGGTGTCACTCAGACCCCAAAATTCCAGGTCCTGAAGACAGGACAGAGCATGACACTGCAGTGTGCCCAGGATATGAACCATGAATACATGTCCTGGTATCGACAAGACCCAGGCATGGGGCTGAGGCTGATTCATTACTCAGTTGGTGCTGGTATCACTGACCAAGGAGAAGTCCCCAATGGCTACAATGTCTCCAGATCAACCACAGAGGATTTCCCGCTCAGGCTGCTGTCGGCTGCTCCCTCCCAGACATCTGTGTACTTCTGTGCCAGCAGTCCCGGGACAGGAGCCTACAATGAGCAGTTCTTCGGGCCAGGGACACGGCTCACCGTGCTAG	TGTGCCAGCAGTCCCGGGACAGGAGCCTACAATGAGCAGTTCTTC	33, 6, 5, 2, CCCGGGACAGGAG	F	T	NAGVTQTPKFQVLKTGQSMTLQCAQDMNHEYMSWYRQDPGMGLRLIHYSVGAGITDQGEVPNGYNVSRSTTEDFPLRLLSAAPSQTSVYFCASSPGTGAYNEQFFGPGTRLTVL	MNHEY	SVGAGI	T	F	T	T						1
21	TRBV9		TRBJ1-4	CASSPRAATNEKLFF	1	GATTCTGGAGTCACACAAACCCCAAAGCACCTGATCACAGCAACTGGACAGCGAGTGACGCTGAGATGCTCCCCTAGGTCTGGAGACCTCTCTGTGTACTGGTACCAACAGAGCCTGGACCAGGGCCTCCAGTTCCTCATTCAGTATTATAATGGAGAAGAGAGAGCAAAAGGAAACATTCTTGAACGATTCTCCGCACAACAGTTCCCTGACTTGCACTCTGAACTAAACCTGAGCTCTCTGGAGCTGGGGGACTCAGCTTTGTATTTCTGTGCCAGCAGCCCCCGCGCGGCAACTAATGAAAAACTGTTTTTTGGCAGTGGAACCCAGCTCTCTGTCTTGG	TGTGCCAGCAGCCCCCGCGCGGCAACTAATGAAAAACTGTTTTTT	44, 3, 4, 0, CCCCGCGCGG	F	T	DSGVTQTPKHLITATGQRVTLRCSPRSGDLSVYWYQQSLDQGLQFLIQYYNGEERAKGNILERFSAQQFPDLHSELNLSSLELGDSALYFCASSPRAATNEKLFFGSGTQLSVL	SGDLS	YYNGEE	T	F	T	T						1
22	TRBV5-6		TRBJ2-1	CASSLGLAGHNEQFF	1	GACGCTGGAGTCACCCAAAGTCCCACACACCTGATCAAAACGAGAGGACAGCAAGTGACTCTGAGATGCTCTCCTAAGTCTGGGCATGACACTGTGTCCTGGTACCAACAGGCCCTGGGTCAGGGGCCCCAGTTTATCTTTCAGTATTATGAGGAGGAAGAGAGACAGAGAGGCAACTTCCCTGATCGATTCTCAGGTCACCAGTTCCCTAACTATAGCTCTGAGCTGAATGTGAACGCCTTGTTGCTGGGGGACTCGGCCCTCTATCTCTGTGCCAGCAGCTTGGGTCTAGCGGGACACAATGAGCAGTTCTTCGGGCCAGGGACACGGCTCACCGTGCTAG	TGTGCCAGCAGCTTGGGTCTAGCGGGACACAATGAGCAGTTCTTC	29, 6, 0, 5, GTCTAGCGGGAC	F	T	DAGVTQSPTHLIKTRGQQVTLRCSPKSGHDTVSWYQQALGQGPQFIFQYYEEEERQRGNFPDRFSGHQFPNYSSELNVNALLLGDSALYLCASSLGLAGHNEQFFGPGTRLTVL	SGHDT	YYEEEE	T	F	T	T						1
23	TRBV2		TRBJ2-2	CASSEVTSRELFF	1	GAACCTGAAGTCACCCAGACTCCCAGCCATCAGGTCACACAGATGGGACAGGAAGTGATCTTGCGCTGTGTCCCCATCTCTAATCACTTATACTTCTATTGGTACAGACAAATCTTGGGGCAGAAAGTCGAGTTTCTGGTTTCCTTTTATAATAATGAAATCTCAGAGAAGTCTGAAATATTCGATGATCAATTCTCAGTTGAAAGGCCTGATGGATCAAATTTCACTCTGAAGATCCGGTCCACAAAGCTGGAGGACTCAGCCATGTACTTCTGTGCCAGCAGTGAGGTGACTAGCCGGGAGCTGTTTTTTGGAGAAGGCTCTAGGCTGACCGTACTGG	TGTGCCAGCAGTGAGGTGACTAGCCGGGAGCTGTTTTTT	14, 7, 3, 9, GGTGACTAGCC	F	T	EPEVTQTPSHQVTQMGQEVILRCVPISNHLYFYWYRQILGQKVEFLVSFYNNEISEKSEIFDDQFSVERPDGSNFTLKIRSTKLEDSAMYFCASSEVTSRELFFGEGSRLTVL	SNHLY	FYNNEI	T	F	T	T						1
24	TRBV5-1		TRBJ2-1	CASSPGLAPRNEQFF	1	AAGGCTGGAGTCACTCAAACTCCAAGATATCTGATCAAAACGAGAGGACAGCAAGTGACACTGAGCTGCTCCCCTATCTCTGGGCATAGGAGTGTATCCTGGTACCAACAGACCCCAGGACAGGGCCTTCAGTTCCTCTTTGAATACTTCAGTGAGACACAGAGAAACAAAGGAAACTTCCCTGGTCGATTCTCAGGGCGCCAGTTCTCTAACTCTCGCTCTGAGATGAATGTGAGCACCTTGGAGCTGGGGGACTCGGCCCTTTATCTTTGCGCCAGCAGCCCAGGACTAGCACCGAGGAATGAGCAGTTCTTCGGGCCAGGGACACGGCTCACCGTGCTAG	TGCGCCAGCAGCCCAGGACTAGCACCGAGGAATGAGCAGTTCTTC	26, 6, 4, 7, CCAGGACTAGCACCGAGG	F	T	KAGVTQTPRYLIKTRGQQVTLSCSPISGHRSVSWYQQTPGQGLQFLFEYFSETQRNKGNFPGRFSGRQFSNSRSEMNVSTLELGDSALYLCASSPGLAPRNEQFFGPGTRLTVL	SGHRS	YFSETQ	T	F	T	T						1
25	TRBV20-1		TRBJ1-5	CSANLGADSNQPQHF	1	GGTGCTGTCGTCTCTCAACATCCGAGCTGGGTTATCTGTAAGAGTGGAACCTCTGTGAAGATCGAGTGCCGTTCCCTGGACTTTCAGGCCACAACTATGTTTTGGTATCGTCAGTTCCCGAAACAGAGTCTCATGCTGATGGCAACTTCCAATGAGGGCTCCAAGGCCACATACGAGCAAGGCGTCGAGAAGGACAAGTTTCTCATCAACCATGCAAGCCTGACCTTGTCCACTCTGACAGTGACCAGTGCCCATCCTGAAGACAGCAGCTTCTACATCTGCAGTGCTAATCTAGGGGCCGATAGCAATCAGCCCCAGCATTTTGGTGATGGGACTCGACTCTCCATCCTAG	TGCAGTGCTAATCTAGGGGCCGATAGCAATCAGCCCCAGCATTTT	15, 4, 4, 0, ATCTAGGGGCCGA	F	T	GAVVSQHPSWVICKSGTSVKIECRSLDFQATTMFWYRQFPKQSLMLMATSNEGSKATYEQGVEKDKFLINHASLTLSTLTVTSAHPEDSSFYICSANLGADSNQPQHFGDGTRLSIL	DFQATT	SNEGSKA	T	F	T	T						1
26	TRBV14		TRBJ2-5	CASSSTGAQETQYF	1	GAAGCTGGAGTTACTCAGTTCCCCAGCCACAGCGTAATAGAGAAGGGCCAGACTGTGACTCTGAGATGTGACCCAATTTCTGGACATGATAATCTTTATTGGTATCGACGTGTTATGGGAAAAGAAATAAAATTTCTGTTACATTTTGTGAAAGAGTCTAAACAGGATGAGTCCGGTATGCCCAACAATCGATTCTTAGCTGAAAGGACTGGAGGGACGTATTCTACTCTGAAGGTGCAGCCTGCAGAACTGGAGGATTCTGGAGTTTATTTCTGTGCCAGCAGCTCGACCGGGGCGCAAGAGACCCAGTACTTCGGGCCAGGCACGCGGCTCCTGGTGCTCG	TGTGCCAGCAGCTCGACCGGGGCGCAAGAGACCCAGTACTTC	9, 10, 5, 2, TCGACCGGGGCG	F	T	EAGVTQFPSHSVIEKGQTVTLRCDPISGHDNLYWYRRVMGKEIKFLLHFVKESKQDESGMPNNRFLAERTGGTYSTLKVQPAELEDSGVYFCASSSTGAQETQYFGPGTRLLVL	SGHDN	FVKESK	T	F	T	T						1
27	TRBV3-1		TRBJ2-7	CASTLSGSSYEQYF	1	ACAGCTGTTTCCCAGACTCCAAAATACCTGGTCACACAGATGGGAAACGACAAGTCCATTAAATGTGAACAAAATCTGGGCCATGATACTATGTATTGGTATAAACAGGACTCTAAGAAATTTCTGAAGATAATGTTTAGCTACAATAATAAGGAGCTCATTATAAATGAAACAGTTCCAAATCGCTTCTCACCTAAATCTCCAGACAAAGCTCACTTAAATCTTCACATCAATTCCCTGGAGCTTGGTGACTCTGCTGTGTATTTCTGTGCCAGTACCCTTAGCGGGAGCTCCTACGAGCAGTACTTCGGGCCGGGCACCAGGCTCACGGTCACAG	TGTGCCAGTACCCTTAGCGGGAGCTCCTACGAGCAGTACTTC	21, 12, 9, 0, TACCCTTAGCGGGAG	F	T	TAVSQTPKYLVTQMGNDKSIKCEQNLGHDTMYWYKQDSKKFLKIMFSYNNKELIINETVPNRFSPKSPDKAHLNLHINSLELGDSAVYFCASTLSGSSYEQYFGPGTRLTVT	LGHDT	YNNKEL	T	F	T	T						1
28	TRBV7-9		TRBJ2-5	CASSLGAMQQETQYF	1	GATACTGGAGTCTCCCAGAACCCCAGACACAAGATCACAAAGAGGGGACAGAATGTAACTTTCAGGTGTGATCCAATTTCTGAACACAACCGCCTTTATTGGTACCGACAGACCCTGGGGCAGGGCCCAGAGTTTCTGACTTACTTCCAGAATGAAGCTCAACTAGAAAAATCAAGGCTGCTCAGTGATCGGTTCTCTGCAGAGAGGCCTAAGGGATCTTTCTCCACCTTGGAGATCCAGCGCACAGAGCAGGGGGACTCGGCCATGTATCTCTGTGCCAGCAGCTTAGGCGCCATGCAACAAGAGACCCAGTACTTCGGGCCAGGCACGCGGCTCCTGGTGCTCG	TGTGCCAGCAGCTTAGGCGCCATGCAACAAGAGACCCAGTACTTC	43, 10, 1, 2, GCGCCATGCAA	F	T	DTGVSQNPRHKITKRGQNVTFRCDPISEHNRLYWYRQTLGQGPEFLTYFQNEAQLEKSRLLSDRFSAERPKGSFSTLEIQRTEQGDSAMYLCASSLGAMQQETQYFGPGTRLLVL	SEHNR	FQNEAQ	T	F	T	T						1
29	TRBV9		TRBJ1-1	CASSVRESNTEAFF	1	GATTCTGGAGTCACACAAACCCCAAAGCACCTGATCACAGCAACTGGACAGCGAGTGACGCTGAGATGCTCCCCTAGGTCTGGAGACCTCTCTGTGTACTGGTACCAACAGAGCCTGGACCAGGGCCTCCAGTTCCTCATTCAGTATTATAATGGAGAAGAGAGAGCAAAAGGAAACATTCTTGAACGATTCTCCGCACAACAGTTCCCTGACTTGCACTCTGAACTAAACCTGAGCTCTCTGGAGCTGGGGGACTCAGCTTTGTATTTCTGTGCCAGCAGCGTCAGGGAATCGAACACTGAAGCTTTCTTTGGACAAGGCACCAGACTCACAGTTGTAG	TGTGCCAGCAGCGTCAGGGAATCGAACACTGAAGCTTTCTTT	44, 0, 2, 1, CAGGGAATC	F	T	DSGVTQTPKHLITATGQRVTLRCSPRSGDLSVYWYQQSLDQGLQFLIQYYNGEERAKGNILERFSAQQFPDLHSELNLSSLELGDSALYFCASSVRESNTEAFFGQGTRLTVV	SGDLS	YYNGEE	T	F	T	T						1
30	TRBV10-3		TRBJ2-5	CAISESRFGHTQETQYF	1	GATGCTGGAATCACCCAGAGCCCAAGACACAAGGTCACAGAGACAGGAACACCAGTGACTCTGAGATGTCACCAGACTGAGAACCACCGCTATATGTACTGGTATCGACAAGACCCGGGGCATGGGCTGAGGCTGATCCATTACTCATATGGTGTTAAAGATACTGACAAAGGAGAAGTCTCAGATGGCTATAGTGTCTCTAGATCAAAGACAGAGGATTTCCTCCTCACTCTGGAGTCCGCTACCAGCTCCCAGACATCTGTGTACTTCTGTGCCATCAGTGAGTCGAGGTTTGGACACACCCAAGAGACCCAGTACTTCGGGCCAGGCACGCGGCTCCTGGTGCTCG	TGTGCCATCAGTGAGTCGAGGTTTGGACACACCCAAGAGACCCAGTACTTC	2, 10, 0, 1, GAGGTTTGGACACAC	F	T	DAGITQSPRHKVTETGTPVTLRCHQTENHRYMYWYRQDPGHGLRLIHYSYGVKDTDKGEVSDGYSVSRSKTEDFLLTLESATSSQTSVYFCAISESRFGHTQETQYFGPGTRLLVL	ENHRY	SYGVKD	T	F	T	T						1
31	TRBV6-1		TRBJ2-7	CASSESGRVYEQYF	1	AATGCTGGTGTCACTCAGACCCCAAAATTCCAGGTCCTGAAGACAGGACAGAGCATGACACTGCAGTGTGCCCAGGATATGAACCATAACTCCATGTACTGGTATCGACAAGACCCAGGCATGGGACTGAGGCTGATTTATTACTCAGCTTCTGAGGGTACCACTGACAAAGGAGAAGTCCCCAATGGCTACAATGTCTCCAGATTAAACAAACGGGAGTTCTCGCTCAGGCTGGAGTCGGCTGCTCCCTCCCAGACATCTGTGTACTTCTGTGCCAGCAGTGAGAGCGGGAGGGTCTACGAGCAGTACTTCGGGCCGGGCACCAGGCTCACGGTCACAG	TGTGCCAGCAGTGAGAGCGGGAGGGTCTACGAGCAGTACTTC	31, 12, 3, 3, GAGCGGGAGGGT	F	T	NAGVTQTPKFQVLKTGQSMTLQCAQDMNHNSMYWYRQDPGMGLRLIYYSASEGTTDKGEVPNGYNVSRLNKREFSLRLESAAPSQTSVYFCASSESGRVYEQYFGPGTRLTVT	MNHNS	SASEGT	T	F	T	T						1
32	TRBV28		TRBJ2-1	CASGLADYNEQFF	1	GATGTGAAAGTAACCCAGAGCTCGAGATATCTAGTCAAAAGGACGGGAGAGAAAGTTTTTCTGGAATGTGTCCAGGATATGGACCATGAAAATATGTTCTGGTATCGACAAGACCCAGGTCTGGGGCTACGGCTGATCTATTTCTCATATGATGTTAAAATGAAAGAAAAAGGAGATATTCCTGAGGGGTACAGTGTCTCTAGAGAGAAGAAGGAGCGCTTCTCCCTGATTCTGGAGTCCGCCAGCACCAACCAGACATCTATGTACCTCTGTGCCAGTGGACTAGCGGACTACAATGAGCAGTTCTTCGGGCCAGGGACACGGCTCACCGTGCTAG	TGTGCCAGTGGACTAGCGGACTACAATGAGCAGTTCTTC	19, 6, 9, 3, TGGACTAGCGGA	F	T	DVKVTQSSRYLVKRTGEKVFLECVQDMDHENMFWYRQDPGLGLRLIYFSYDVKMKEKGDIPEGYSVSREKKERFSLILESASTNQTSMYLCASGLADYNEQFFGPGTRLTVL	MDHEN	SYDVKM	T	F	T	T						1
33	TRBV12-4		TRBJ2-1	CASSLGLLNEQFF	1	GATGCTGGAGTTATCCAGTCACCCCGGCACGAGGTGACAGAGATGGGACAAGAAGTGACTCTGAGATGTAAACCAATTTCAGGACACGACTACCTTTTCTGGTACAGACAGACCATGATGCGGGGACTGGAGTTGCTCATTTACTTTAACAACAACGTTCCGATAGATGATTCAGGGATGCCCGAGGATCGATTCTCAGCTAAGATGCCTAATGCATCATTCTCCACTCTGAAGATCCAGCCCTCAGAACCCAGGGACTCAGCTGTGTACTTCTGTGCCAGCAGTTTAGGTCTGCTTAATGAGCAGTTCTTCGGGCCAGGGACACGGCTCACCGTGCTAG	TGTGCCAGCAGTTTAGGTCTGCTTAATGAGCAGTTCTTC	6, 6, 1, 7, GTCTGCTT	F	T	DAGVIQSPRHEVTEMGQEVTLRCKPISGHDYLFWYRQTMMRGLELLIYFNNNVPIDDSGMPEDRFSAKMPNASFSTLKIQPSEPRDSAVYFCASSLGLLNEQFFGPGTRLTVL	SGHDY	FNNNVP	T	F	T	T						1
34	TRBV28		TRBJ2-7	CASSELTGRGEQYF	1	GATGTGAAAGTAACCCAGAGCTCGAGATATCTAGTCAAAAGGACGGGAGAGAAAGTTTTTCTGGAATGTGTCCAGGATATGGACCATGAAAATATGTTCTGGTATCGACAAGACCCAGGTCTGGGGCTACGGCTGATCTATTTCTCATATGATGTTAAAATGAAAGAAAAAGGAGATATTCCTGAGGGGTACAGTGTCTCTAGAGAGAAGAAGGAGCGCTTCTCCCTGATTCTGGAGTCCGCCAGCACCAACCAGACATCTATGTACCTCTGTGCCAGCAGTGAACTTACGGGGCGCGGCGAGCAGTACTTCGGGCCGGGCACCAGGCTCACGGTCACAG	TGTGCCAGCAGTGAACTTACGGGGCGCGGCGAGCAGTACTTC	19, 12, 5, 6, GAACTTACGGGGCGCGG	F	T	DVKVTQSSRYLVKRTGEKVFLECVQDMDHENMFWYRQDPGLGLRLIYFSYDVKMKEKGDIPEGYSVSREKKERFSLILESASTNQTSMYLCASSELTGRGEQYFGPGTRLTVT	MDHEN	SYDVKM	T	F	T	T						1
35	TRBV7-6		TRBJ2-1	CASSQTMSGSQAHEQFF	1	GGTGCTGGAGTCTCCCAGTCTCCCAGGTACAAAGTCACAAAGAGGGGACAGGATGTAGCTCTCAGGTGTGATCCAATTTCGGGTCATGTATCCCTTTATTGGTACCGACAGGCCCTGGGGCAGGGCCCAGAGTTTCTGACTTACTTCAATTATGAAGCCCAACAAGACAAATCAGGGCTGCCCAATGATCGGTTCTCTGCAGAGAGGCCTGAGGGATCCATCTCCACTCTGACGATCCAGCGCACAGAGCAGCGGGACTCGGCCATGTATCGCTGTGCCAGCAGCCAAACCATGAGTGGCTCACAGGCCCATGAGCAGTTCTTCGGGCCAGGGACACGGCTCACCGTGCTAG	TGTGCCAGCAGCCAAACCATGAGTGGCTCACAGGCCCATGAGCAGTTCTTC	40, 6, 5, 8, CAAACCATGAGTGGCTCACAGGCCC	F	T	GAGVSQSPRYKVTKRGQDVALRCDPISGHVSLYWYRQALGQGPEFLTYFNYEAQQDKSGLPNDRFSAERPEGSISTLTIQRTEQRDSAMYRCASSQTMSGSQAHEQFFGPGTRLTVL	SGHVS	FNYEAQ	T	F	T	T						1
36	TRBV25-1		TRBJ2-5	CASSEWGGGQETQYF	1	GAAGCTGACATCTACCAGACCCCAAGATACCTTGTTATAGGGACAGGAAAGAAGATCACTCTGGAATGTTCTCAAACCATGGGCCATGACAAAATGTACTGGTATCAACAAGATCCAGGAATGGAACTACACCTCATCCACTATTCCTATGGAGTTAATTCCACAGAGAAGGGAGATCTTTCCTCTGAGTCAACAGTCTCCAGAATAAGGACGGAGCATTTTCCCCTGACCCTGGAGTCTGCCAGGCCCTCACATACCTCTCAGTACCTCTGTGCCAGCAGTGAATGGGGAGGGGGCCAGGAGACCCAGTACTTCGGGCCAGGCACGCGGCTCCTGGTGCTCG	TGTGCCAGCAGTGAATGGGGAGGGGGCCAGGAGACCCAGTACTTC	17, 10, 1, 5, GGGGAGGGGGCCAG	F	T	EADIYQTPRYLVIGTGKKITLECSQTMGHDKMYWYQQDPGMELHLIHYSYGVNSTEKGDLSSESTVSRIRTEHFPLTLESARPSHTSQYLCASSEWGGGQETQYFGPGTRLLVL	MGHDK	SYGVNS	T	F	T	T						1
